Lattice,E_tot,E_fermi
2,-148.343838,-9.19917506547991
2.001,-148.365781,-9.21385353673561
2.002,-148.387659,-9.22867730925620
2.003,-148.409466,-9.24362609517978
2.004,-148.431224,-9.25842649499238
2.005,-148.452919,-9.27070564877241
2.006,-148.474525,-9.28722701356210
2.007,-148.496096,-9.30357461543749
2.008,-148.517597,-9.32003389223260
2.009,-148.539035,-9.33662998138641
2.01,-148.560377,-9.35331007950357
2.011,-148.581696,-9.37017048088433
2.012,-148.602578,-9.38706687279775
2.013,-148.624091,-8.51745631355472
2.014,-148.645194,-8.53620634909625
2.015,-148.666238,-8.55509586770700
2.016,-148.687192,-7.69210998968427
2.017,-148.708086,-7.71280122699271
2.018,-148.728923,-7.73359126909711
2.019,-148.749690,-7.75449228238534
2.02,-148.770392,-7.77553164942397
2.021,-148.791015,-7.79669475706656
2.022,-148.811573,-7.81812352627361
2.023,-148.832062,-7.84017487358619
2.024,-148.852324,-7.86805677370716
2.025,-148.872967,-7.87968216507076
2.026,-148.893275,-7.90126869904761
2.027,-148.913524,-7.92279011913495
2.028,-148.933710,-7.94438566571208
2.029,-148.953835,-7.96606494768751
2.03,-148.973869,-7.98778416167895
2.031,-148.993884,-8.00959315997655
2.032,-149.013805,-8.03186066028570
2.033,-149.033665,-8.05425778230022
2.034,-149.053465,-8.07672367390549
2.035,-149.073194,-8.09922153874190
2.036,-149.092868,-8.12180770211898
2.037,-149.112477,-8.14443918744334
2.038,-149.131997,-8.16757235588267
2.039,-149.151478,-8.19031388130910
2.04,-149.170896,-8.21362311772997
2.041,-149.190256,-8.23646720956540
2.042,-149.209518,-8.26357755382891
2.043,-149.228746,-8.28841153642550
2.044,-149.247910,-8.31326955603715
2.045,-149.267012,-8.33814448012859
2.046,-149.286054,-8.36305253658131
2.047,-149.305035,-8.38798112098817
2.048,-149.323953,-8.41292077878979
2.049,-149.342779,-8.43779875243625
2.05,-149.361556,-8.46277325155969
2.051,-149.380313,-8.48776935936688
2.052,-149.398989,-8.51277326479473
2.053,-149.417604,-8.53778737635752
2.054,-149.436160,-8.56281211942559
2.055,-149.454656,-8.58784246243143
2.056,-149.473091,-8.61287723584853
2.057,-149.491467,-8.63791787203318
2.058,-149.509783,-8.66295795206576
2.059,-149.528040,-8.68799833707298
2.06,-149.546245,-8.71303951960808
2.061,-149.564385,-8.73791840822621
2.062,-149.582466,-8.76279293459822
2.063,-149.600488,-8.78766105794910
2.064,-149.618451,-8.81251885052053
2.065,-149.636630,-7.23561071818295
2.066,-149.654201,-7.26354517268019
2.067,-149.671988,-7.29169586928498
2.068,-149.689717,-7.31983164237053
2.069,-149.707386,-7.34794110294186
2.07,-149.724999,-7.37603753698295
2.071,-149.742554,-7.40411623164551
2.072,-149.760051,-7.43216666723606
2.073,-149.777486,-7.46017668213328
2.074,-149.794871,-7.48819330219901
2.075,-149.812194,-7.51616673913086
2.076,-149.829456,-7.54409372586136
2.077,-149.846662,-7.57200030306090
2.078,-149.863813,-7.59988186656971
2.079,-149.880909,-7.62774793451307
2.08,-149.897966,-7.65557012250226
2.081,-149.914929,-7.68336801745604
2.082,-149.931843,-7.71107055440475
2.083,-149.948718,-7.73882558639165
2.084,-149.965526,-7.76649568104476
2.085,-149.982268,-7.79406578694259
2.086,-149.998965,-7.82166077015367
2.087,-150.015607,-7.84921067373156
2.088,-150.032189,-7.87669361388507
2.089,-150.048714,-7.90411973677960
2.09,-150.065171,-7.93151732502804
2.091,-150.081585,-7.95868186684641
2.092,-150.097931,-7.98580929739298
2.093,-150.114203,-8.01214384212466
2.094,-150.130460,-8.03886720876591
2.095,-150.146594,-8.06372384000745
2.096,-150.162881,-8.09681272703626
2.097,-150.178982,-8.12391723732040
2.098,-150.195001,-8.15081205868665
2.099,-150.210976,-8.17772200780080
2.1,-150.226889,-8.20454390140542
2.101,-150.242760,-8.23139003735853
2.102,-150.258563,-8.25810452462555
2.103,-150.274325,-8.28484950220922
2.104,-150.290025,-8.31149883438547
2.105,-150.305676,-8.33812524201490
2.106,-150.321255,-8.36458261187319
2.107,-150.336814,-8.39121867988966
2.108,-150.352231,-8.41732155703834
2.109,-150.367700,-6.98246683788752
2.11,-150.383092,-7.01228758844739
2.111,-150.398445,-7.04214957638935
2.112,-150.413761,-7.07206527916191
2.113,-150.429005,-7.10178214506433
2.114,-150.444196,-7.13142795550434
2.115,-150.459331,-7.16099493416039
2.116,-150.474414,-7.19049287986731
2.117,-150.489437,-7.21986598664710
2.118,-150.504404,-7.24914110626887
2.119,-150.519335,-7.27850562807305
2.12,-150.534219,-7.30785239949940
2.121,-150.549013,-7.33679067935280
2.122,-150.563547,-7.36222279131809
2.123,-150.578184,-7.39043923720725
2.124,-150.592776,-7.41972796305903
2.125,-150.607306,-7.44777941534149
2.126,-150.621785,-7.47578534704427
2.127,-150.636201,-7.49751534457095
2.128,-150.650575,-7.51796087417860
2.129,-150.664906,-7.53847527494877
2.13,-150.679156,-7.55879086187944
2.131,-150.693386,-7.57896877279581
2.132,-150.707550,-7.59915706001467
2.133,-150.721668,-7.61936451904118
2.134,-150.735725,-7.63935856354639
2.135,-150.749736,-7.65940834191303
2.136,-150.763693,-7.67932831870045
2.137,-150.777597,-7.69917693807484
2.138,-150.791370,-7.71941632453518
2.139,-150.803902,-7.74453799574850
2.14,-150.816384,-7.76954869449889
2.141,-150.828818,-7.79445153568361
2.142,-150.841202,-7.81924025540153
2.143,-150.853537,-7.84391885113944
2.144,-150.865847,-7.86811909250544
2.145,-150.878091,-7.89282321197649
2.146,-150.890286,-7.91741572423841
2.147,-150.902434,-7.94189103353589
2.148,-150.914713,-6.61647930688486
2.149,-150.926638,-6.62044704307597
2.15,-150.938637,-6.62367740322214
2.151,-150.950562,-6.62696155503111
2.152,-150.962469,-6.63026899788656
2.153,-150.974329,-6.63361723407456
2.154,-150.986143,-6.63699478522966
2.155,-150.997910,-6.64040145184025
2.156,-151.009630,-6.64383449913291
2.157,-151.021418,-6.64729561014286
2.158,-151.032872,-6.65004115533287
2.159,-151.044218,-6.65408462392648
2.16,-151.055535,-6.65818680529133
2.161,-151.066748,-6.66351578781123
2.162,-151.077984,-6.66754619169492
2.163,-151.089175,-6.67159350060178
2.164,-151.100320,-6.67565799820915
2.165,-151.111420,-6.67973796868594
2.166,-151.122475,-6.68383345704215
2.167,-151.133484,-6.68794255011570
2.168,-151.144449,-6.69206598287700
2.169,-151.155369,-6.69620342267729
2.17,-151.166245,-6.70035131118256
2.171,-151.177076,-6.70451180458444
2.172,-151.187863,-6.70868268905728
2.173,-151.198607,-6.71286184988948
2.174,-151.209305,-6.71705656828172
2.175,-151.219960,-6.72125704822741
2.176,-151.230572,-6.72546569373385
2.177,-151.241091,-6.73009582377750
2.178,-151.251632,-6.73446081510900
2.179,-151.262115,-6.73869236013202
2.18,-151.272555,-6.74293055008043
2.181,-151.282951,-6.74717441064354
2.182,-151.293306,-6.75142317702383
2.183,-151.303617,-6.75567671136611
2.184,-151.313887,-6.75993415559734
2.185,-151.324114,-6.76419509264683
2.186,-151.334299,-6.76845929356003
2.187,-151.344442,-6.77272622149506
2.188,-151.354541,-6.77699629048887
2.189,-151.364603,-6.78126632725020
2.19,-151.374640,-6.78554327147284
2.191,-151.384598,-6.78981129885295
2.192,-151.394534,-6.79408370215344
2.193,-151.404428,-6.79835505796931
2.194,-151.414282,-6.80262464985817
2.195,-151.424095,-6.80689174290982
2.196,-151.433866,-6.81115567164354
2.197,-151.443598,-6.81541654521432
2.198,-151.453289,-6.81967361772322
2.199,-151.462939,-6.82392665190393
2.2,-151.472530,-6.82817092544873
2.201,-151.482119,-6.83241968404586
2.202,-151.491649,-6.83665896987831
2.203,-151.501139,-6.84089305176235
2.204,-151.510589,-6.84512165058439
2.205,-151.519999,-6.84934421759662
2.206,-151.529370,-6.85356059104615
2.207,-151.538702,-6.85777129413965
2.208,-151.547993,-6.86197430377602
2.209,-151.557237,-6.86616972373161
2.21,-151.566431,-6.87035380478720
2.211,-151.575623,-6.87454010669129
2.212,-151.584758,-6.87871341969288
2.213,-151.593853,-6.88287951341272
2.214,-151.602910,-6.88703792267646
2.215,-151.611929,-6.89118864997550
2.216,-151.620909,-6.89533175228342
2.217,-151.629852,-6.89946733966910
2.218,-151.638756,-6.90359535841831
2.219,-151.647622,-6.90771559143548
2.22,-151.656432,-6.91182427959474
2.221,-151.665241,-6.91593456901726
2.222,-151.673995,-6.92003270499226
2.223,-151.682708,-6.92412040321511
2.224,-151.691390,-6.92820708269489
2.225,-151.700031,-6.93228332191066
2.226,-151.708636,-6.93635187802199
2.227,-151.717204,-6.94041304277839
2.228,-151.725736,-6.94446627663486
2.229,-151.734231,-6.94851111988093
2.23,-151.742689,-6.95254819225008
2.231,-151.751111,-6.95657649811582
2.232,-151.759497,-6.96059649885139
2.233,-151.767847,-6.96460764222169
2.234,-151.776161,-6.96860987394401
2.235,-151.784437,-6.97260108732750
2.236,-151.792779,-6.97577792108859
2.237,-151.800983,-6.97977341446125
2.238,-151.809151,-6.98375776821635
2.239,-151.817283,-6.98773090544713
2.24,-151.825368,-6.99190046195215
2.241,-151.833446,-6.99589156185035
2.242,-151.841471,-6.99986593571631
2.243,-151.849460,-7.00382798128607
2.244,-151.857415,-7.00777706565327
2.245,-151.865335,-7.01171250874908
2.246,-151.873004,-7.01285165031194
2.247,-151.880841,-7.01198575958975
2.248,-151.888644,-7.01114098745608
2.249,-151.896412,-7.01031819039533
2.25,-151.904146,-7.00951585086759
2.251,-151.911846,-7.00873528676019
2.252,-151.919511,-7.00797666212123
2.253,-151.927143,-7.00723960052315
2.254,-151.934741,-7.00652457026122
2.255,-151.942305,-7.00583162658565
2.256,-151.949835,-7.00519623302069
2.257,-151.957332,-7.00458035219882
2.258,-151.964796,-7.00398755254650
2.259,-151.972225,-7.00341796435494
2.26,-151.979640,-7.00287519240293
2.261,-151.986985,-7.00234823788413
2.262,-151.994315,-7.00184750489207
2.263,-152.001586,-7.00119514958823
2.264,-152.008856,-7.00074094670647
2.265,-152.016092,-7.00031063452890
2.266,-152.023295,-6.99990073250673
2.267,-152.030523,-6.99951414274364
2.268,-152.037661,-6.99915020786367
2.269,-152.044765,-6.99880793078716
2.27,-152.051838,-6.99848959573172
2.271,-152.058874,-6.99835477892006
2.272,-152.065861,-6.99596790229497
2.273,-152.072821,-6.99615943161825
2.274,-152.079750,-6.99637057038805
2.275,-152.086646,-6.99659763222135
2.276,-152.093510,-6.99684191628301
2.277,-152.100342,-6.99710202452670
2.278,-152.107140,-6.99737538336838
2.279,-152.113908,-6.99765970385509
2.28,-152.120643,-6.99792683031125
2.281,-152.127345,-6.99820592150103
2.282,-152.134017,-6.99857753650137
2.283,-152.140657,-6.99896491948752
2.284,-152.147266,-6.99937032878297
2.285,-152.153842,-6.99979289586827
2.286,-152.160363,-7.00028646215791
2.287,-152.166878,-7.00080988729668
2.288,-152.173360,-7.00128981531513
2.289,-152.179812,-7.00178692645978
2.29,-152.186250,-7.00230541875722
2.291,-152.192621,-7.00283208009213
2.292,-152.198979,-7.00338142281734
2.293,-152.205305,-7.00394609631871
2.294,-152.211602,-7.00453172697161
2.295,-152.217867,-7.00513328154688
2.296,-152.224110,-7.00577347420392
2.297,-152.230277,-7.00637394808384
2.298,-152.236421,-7.00701828839082
2.299,-152.242507,-7.00755674065872
2.3,-152.248503,-7.00811534257761
2.301,-152.254796,-5.84987131811946
2.302,-152.260843,-5.85148992666801
2.303,-152.266859,-5.85312848394423
2.304,-152.272845,-5.85167452192404
2.305,-152.278802,-5.85342812828609
2.306,-152.284729,-5.85519777134011
2.307,-152.290625,-5.85702893790430
2.308,-152.296492,-5.85883004532991
2.309,-152.302330,-5.86054504954486
2.31,-152.308138,-5.86238470833826
2.311,-152.313916,-5.86424215813122
2.312,-152.319665,-5.86611697670005
2.313,-152.325398,-5.86804847168391
2.314,-152.331082,-5.86995924598069
2.315,-152.336725,-5.87295279787800
2.316,-152.342364,-5.87489540235482
2.317,-152.347974,-5.87685503282754
2.318,-152.353554,-5.87883050957308
2.319,-152.359106,-5.88082282710850
2.32,-152.364611,-5.88282655857865
2.321,-152.370122,-5.88485653361805
2.322,-152.375587,-5.88689814735565
2.323,-152.381023,-5.88895812784943
2.324,-152.386430,-5.89103237387995
2.325,-152.391816,-5.89315256516460
2.326,-152.397157,-5.89523948195959
2.327,-152.402477,-5.89736149176328
2.328,-152.407769,-5.89950554520015
2.329,-152.413033,-5.90166594611278
2.33,-152.418259,-5.90381856341269
2.331,-152.423475,-5.90603932982306
2.332,-152.428640,-5.90821108119992
2.333,-152.433807,-5.91049039533230
2.334,-152.438921,-5.91271195871449
2.335,-152.444011,-5.91496348169927
2.336,-152.449088,-5.91727619352871
2.337,-152.454127,-5.91957825624904
2.338,-152.459136,-5.92188769583730
2.339,-152.464113,-5.92420216023148
2.34,-152.469067,-5.92654907224945
2.341,-152.473996,-5.92891850966790
2.342,-152.478898,-5.93130385467915
2.343,-152.483761,-5.93367310816805
2.344,-152.488606,-5.93608520351466
2.345,-152.493420,-5.93850416812281
2.346,-152.498206,-5.94093434678314
2.347,-152.502967,-5.94338429927815
2.348,-152.507713,-5.94609331158422
2.349,-152.512419,-5.94852593280127
2.35,-152.517080,-5.95096679268123
2.351,-152.521749,-5.95342841612760
2.352,-152.526373,-5.95589755401025
2.353,-152.530969,-5.95837897394068
2.354,-152.535519,-5.95986192221641
2.355,-152.539958,-5.96240952849136
2.356,-152.544372,-5.96497069182634
2.357,-152.548765,-5.96753558887493
2.358,-152.553136,-5.97027635219258
2.359,-152.557488,-5.97305149874542
2.36,-152.561806,-5.97581572382235
2.361,-152.566098,-5.97859302969645
2.362,-152.570359,-5.98136720473452
2.363,-152.574605,-5.98418684747335
2.364,-152.578811,-5.98697562715131
2.365,-152.582995,-5.98978932442819
2.366,-152.587153,-5.99261140228976
2.367,-152.591283,-5.99544160845485
2.368,-152.595387,-5.99827942510135
2.369,-152.599464,-6.00112484696218
2.37,-152.603524,-6.00401251192726
2.371,-152.607537,-6.00683746033159
2.372,-152.611542,-6.00973096102113
2.373,-152.615496,-6.01255153973652
2.374,-152.619447,-6.01545578792492
2.375,-152.623354,-6.01830736807493
2.376,-152.627255,-6.02123203159791
2.377,-152.631119,-6.02412794773446
2.378,-152.634964,-6.02705608570871
2.379,-152.638778,-6.02997236253252
2.38,-152.642580,-6.03288572524188
2.381,-152.646312,-6.03576586713012
2.382,-152.650052,-6.03871282743316
2.383,-152.653760,-6.04164240439263
2.384,-152.657432,-6.04454314301324
2.385,-152.661087,-6.04747732760681
2.386,-152.664722,-6.05043814395479
2.387,-152.668318,-6.05335801673869
2.388,-152.671894,-6.05630007616195
2.389,-152.675455,-6.05928440178102
2.39,-152.678982,-6.06224306741417
2.391,-152.682472,-6.06516315569107
2.392,-152.685956,-6.06815741338731
2.393,-152.689395,-6.07108649946158
2.394,-152.692817,-6.07405108137859
2.395,-152.696215,-6.07702039597004
2.396,-152.699587,-6.07999154970481
2.397,-152.702934,-6.08296641450043
2.398,-152.706264,-6.08597207948520
2.399,-152.709552,-6.08892215130425
2.4,-152.712849,-6.09193801298003
2.401,-152.716077,-6.09491313537438
2.402,-152.719298,-6.09789518609096
2.403,-152.722490,-6.10085517329048
2.404,-152.725670,-6.10383238148700
2.405,-152.728765,-6.10669483045914
2.406,-152.731505,-6.11082257658455
2.407,-152.733984,-6.11479609131087
2.408,-152.736490,-6.11872634743032
2.409,-152.738966,-6.12263385099032
2.41,-152.741441,-6.12656481207307
2.411,-152.743856,-6.13047516163473
2.412,-152.746262,-6.13437654201314
2.413,-152.748629,-6.13824561312744
2.414,-152.750971,-6.14213633094420
2.415,-152.753346,-6.14608268450500
2.416,-152.755659,-6.14997532686592
2.417,-152.757943,-6.15384036789358
2.418,-152.760210,-6.15772321126537
2.419,-152.762452,-6.16160052746339
2.42,-152.764672,-6.16547255654624
2.421,-152.766871,-6.16935251788076
2.422,-152.769046,-6.17322391611403
2.423,-152.771193,-6.17707136200130
2.424,-152.773320,-6.18092403276987
2.425,-152.775418,-6.18474565066957
2.426,-152.777507,-6.18862161816434
2.427,-152.779564,-6.19245163268539
2.428,-152.781599,-6.19628539950042
2.429,-152.783610,-6.20010330439858
2.43,-152.785585,-6.20392447767206
2.431,-152.787564,-6.20771859182087
2.432,-152.789514,-6.21154410786713
2.433,-152.791439,-6.21535023736281
2.434,-152.793513,-5.19358046841616
2.435,-152.795296,-5.19828735821775
2.436,-152.797117,-5.20297971201212
2.437,-152.798939,-5.20765542757910
2.438,-152.800748,-5.21232922041567
2.439,-152.802541,-5.21696467257886
2.44,-152.804295,-5.22157435046736
2.441,-152.806061,-5.22616605358775
2.442,-152.807786,-5.23072056588000
2.443,-152.809494,-5.23526896918797
2.444,-152.811174,-5.23976394301783
2.445,-152.812840,-5.24426928620959
2.446,-152.814482,-5.24874180900984
2.447,-152.816097,-5.25317157421482
2.448,-152.817697,-5.25761317976630
2.449,-152.819277,-5.26204960976140
2.45,-152.820778,-5.26554313780876
2.451,-152.822282,-5.26818293274551
2.452,-152.823786,-5.27061298910358
2.453,-152.825263,-5.27325654662426
2.454,-152.826744,-5.27611531177087
2.455,-152.828178,-5.27875466832340
2.456,-152.829592,-5.28139423881306
2.457,-152.830984,-5.28403398562783
2.458,-152.832356,-5.28667387153617
2.459,-152.833708,-5.28931385889348
2.46,-152.835038,-5.29195390972760
2.461,-152.836349,-5.29459401328810
2.462,-152.837639,-5.29723417643384
2.463,-152.838908,-5.29987439374002
2.464,-152.840157,-5.30251466377346
2.465,-152.841386,-5.30515498487621
2.466,-152.842595,-5.30779535518184
2.467,-152.843784,-5.31043577262403
2.468,-152.844952,-5.31307623495060
2.469,-152.846100,-5.31574075889647
2.47,-152.847230,-5.31838133102655
2.471,-152.848368,-5.32102196828260
2.472,-152.849458,-5.32366252482178
2.473,-152.850528,-5.32630303776863
2.474,-152.851578,-5.32894347771541
2.475,-152.852433,-5.33150860637592
2.476,-152.853430,-5.33433292491805
2.477,-152.854408,-5.33715558835240
2.478,-152.855367,-5.33997651673415
2.479,-152.856307,-5.34279562268598
2.48,-152.857227,-5.34561561141254
2.481,-152.858129,-5.34843061726293
2.482,-152.859011,-5.35124324644266
2.483,-152.859866,-5.35397002892872
2.484,-152.860711,-5.35678402692833
2.485,-152.861538,-5.35960357596752
2.486,-152.862335,-5.36230964597643
2.487,-152.863133,-5.36520550087120
2.488,-152.863905,-5.36803933045889
2.489,-152.864659,-5.37086296272758
2.49,-152.865393,-5.37368052066297
2.491,-152.866107,-5.37647701236605
2.492,-152.866802,-5.37927176371863
2.493,-152.867479,-5.38206478841508
2.494,-152.868137,-5.38485609920768
2.495,-152.868778,-5.38764570773938
2.496,-152.869400,-5.39043362445219
2.497,-152.870004,-5.39321985849262
2.498,-152.870589,-5.39600441762007
2.499,-152.871157,-5.39878730811192
2.5,-152.871706,-5.40156853176536
2.501,-152.872238,-5.40434810035318
2.502,-152.872752,-5.40712600645399
2.503,-152.873247,-5.40990225246357
2.504,-152.873725,-5.41267683598488
2.505,-152.874185,-5.41544975267711
2.506,-152.874627,-5.41822099621088
2.507,-152.875052,-5.42099055591772
2.508,-152.875459,-5.42375840860239
2.509,-152.875848,-5.42652452645590
2.51,-152.876203,-5.42928478418517
2.511,-152.876574,-5.43205143768318
2.512,-152.876910,-5.43481216656934
2.513,-152.877230,-5.43757102911701
2.514,-152.877531,-5.44032796797383
2.515,-152.877817,-5.44271832683100
2.516,-152.878084,-5.44547963783011
2.517,-152.878334,-5.44823865651168
2.518,-152.878567,-5.45099531595466
2.519,-152.878782,-5.45374954876261
2.52,-152.878998,-5.45650536795312
2.521,-152.879163,-5.45925046318799
2.522,-152.879328,-5.46199700437934
2.523,-152.879475,-5.46474077100768
2.524,-152.879606,-5.46748157192312
2.525,-152.879721,-5.47021921748462
2.526,-152.879818,-5.47295352085867
2.527,-152.879899,-5.47568429817769
2.528,-152.879963,-5.47841136867671
2.529,-152.880011,-5.48113455483997
2.53,-152.880042,-5.48385368341434
2.531,-152.880056,-5.48656858099132
2.532,-152.880055,-5.48927908315284
2.533,-152.880036,-5.49198502548176
2.534,-152.880002,-5.49468624814471
2.535,-152.879951,-5.49738260874740
2.536,-152.879884,-5.50007403385574
2.537,-152.879801,-5.50276047228357
2.538,-152.879701,-5.50544187530875
2.539,-152.879619,-5.50804965647869
2.54,-152.879457,-5.51064031077902
2.541,-152.879311,-5.51323473900235
2.542,-152.879133,-5.51582050363531
2.543,-152.878938,-5.51840163670297
2.544,-152.878728,-5.52097811138470
2.545,-152.878501,-5.52354990186630
2.546,-152.878258,-5.52610382355237
2.547,-152.878001,-5.52866537189454
2.548,-152.877728,-5.53122216780458
2.549,-152.877440,-5.53377418630900
2.55,-152.877074,-5.53675053066119
2.551,-152.876720,-5.53929413561844
2.552,-152.876334,-5.54182814080963
2.553,-152.875933,-5.54435769859455
2.554,-152.875516,-5.54688219509091
2.555,-152.875091,-5.54951094678079
2.556,-152.874643,-5.55202745324633
2.557,-152.874180,-5.55453865871492
2.558,-152.873701,-5.55704497737200
2.559,-152.873208,-5.55954606324329
2.56,-152.872699,-5.56204199330939
2.561,-152.872175,-5.56453279527864
2.562,-152.871636,-5.56701851189483
2.563,-152.871082,-5.56949921568337
2.564,-152.870513,-5.57197485834306
2.565,-152.869929,-5.57444559265423
2.566,-152.869330,-5.57691157631498
2.567,-152.868717,-5.57937249227172
2.568,-152.868088,-5.58182867921539
2.569,-152.867445,-5.58427986354740
2.57,-152.866771,-5.58672219708579
2.571,-152.866114,-5.58916734439812
2.572,-152.865427,-5.59160350165208
2.573,-152.864725,-5.59403391321517
2.574,-152.864008,-5.59645873029732
2.575,-152.863277,-5.59887740265824
2.576,-152.862532,-5.60128953783812
2.577,-152.861772,-5.60369469303726
2.578,-152.860998,-5.60609226324181
2.579,-152.860209,-5.60848148998008
2.58,-152.859406,-5.61086120419171
2.581,-152.858588,-5.61322840009863
2.582,-152.857753,-5.61605032472327
2.583,-152.856902,-5.61828248043092
2.584,-152.856043,-5.62064713585776
2.585,-152.855171,-5.62300400210573
2.586,-152.854284,-5.62535588449333
2.587,-152.853383,-5.62770145674919
2.588,-152.852468,-5.63004123255047
2.589,-152.851539,-5.63237471349027
2.59,-152.850597,-5.63470183736426
2.591,-152.849641,-5.63702285162837
2.592,-152.848671,-5.63933768360347
2.593,-152.847691,-5.64163474075355
2.594,-152.846689,-5.64395834435673
2.595,-152.845662,-5.64627531412744
2.596,-152.844538,-5.64868589351275
2.597,-152.843413,-5.65097420020255
2.598,-152.842552,-4.76112448749305
2.599,-152.841490,-4.76411965578489
2.6,-152.840431,-4.76711081592012
2.601,-152.839327,-4.77008621741039
2.602,-152.838225,-4.77305778786242
2.603,-152.837109,-4.77602158091221
2.604,-152.835981,-4.77897751266955
2.605,-152.834839,-4.78192569596471
2.606,-152.833683,-4.78486607352113
2.607,-152.832515,-4.78779863937365
2.608,-152.831333,-4.79072337401427
2.609,-152.830138,-4.79364026903845
2.61,-152.828930,-4.79654930523255
2.611,-152.827709,-4.79945077535003
2.612,-152.826475,-4.80234428611206
2.613,-152.825227,-4.80648554165321
2.614,-152.823966,-4.80934088447461
2.615,-152.822693,-4.81218871996427
2.616,-152.821407,-4.81502928486468
2.617,-152.820108,-4.81786222812162
2.618,-152.818795,-4.82067535388292
2.619,-152.817470,-4.82349469882008
2.62,-152.816117,-4.82630240503399
2.621,-152.814782,-4.82911025318957
2.622,-152.813420,-4.83190629166932
2.623,-152.812035,-4.83472810204487
2.624,-152.810647,-4.83750844841746
2.625,-152.809246,-4.84028038280807
2.626,-152.807833,-4.84304485973620
2.627,-152.806406,-4.84580070761563
2.628,-152.804968,-4.84854818840503
2.629,-152.803517,-4.85128759908085
2.63,-152.802053,-4.85401841072422
2.631,-152.800577,-4.85674073665662
2.632,-152.799088,-4.85945448207951
2.633,-152.797587,-4.86215957225701
2.634,-152.796073,-4.86485599781263
2.635,-152.794548,-4.86754366261004
2.636,-152.793009,-4.87022250534730
2.637,-152.791459,-4.87289246479284
2.638,-152.789896,-4.87555348144554
2.639,-152.788321,-4.87820548123062
2.64,-152.786717,-4.88084452461567
2.641,-152.785133,-4.88348228041943
2.642,-152.783521,-4.88610696353093
2.643,-152.781897,-4.88872229375759
2.644,-152.780260,-4.89132855641401
2.645,-152.778612,-4.89392547451164
2.646,-152.776951,-4.89651319461062
2.647,-152.775278,-4.89909143286885
2.648,-152.773593,-4.90166038357393
2.649,-152.771896,-4.90421998579893
2.65,-152.770187,-4.90677027079154
2.651,-152.768466,-4.90931110437823
2.652,-152.766716,-4.91158811647381
2.653,-152.764974,-4.91421138751242
2.654,-152.763233,-4.91637335941580
2.655,-152.761465,-4.91848171343384
2.656,-152.759685,-4.92058276007026
2.657,-152.757894,-4.92267658425590
2.658,-152.756091,-4.92476354306128
2.659,-152.754277,-4.92684325468917
2.66,-152.752451,-4.92891584456352
2.661,-152.750613,-4.93098143057797
2.662,-152.748764,-4.93303992278529
2.663,-152.746903,-4.93509143925636
2.664,-152.745030,-4.93713591515946
2.665,-152.743147,-4.93917336604451
2.666,-152.741252,-4.94120383205140
2.667,-152.739342,-4.94322805610423
2.668,-152.737427,-4.94524355799670
2.669,-152.735498,-4.94725303862648
2.67,-152.733541,-4.94925166105423
2.671,-152.731605,-4.95125105544308
2.672,-152.729641,-4.95323967785958
2.673,-152.727528,-4.95509474486176
2.674,-152.725287,-4.95702954753943
2.675,-152.723034,-4.95895773189395
2.676,-152.720770,-4.96087920111188
2.677,-152.718496,-4.96279402273263
2.678,-152.716210,-4.96470218877552
2.679,-152.713914,-4.96660376645242
2.68,-152.711591,-4.96849490140669
2.681,-152.709288,-4.97038715328940
2.682,-152.706959,-4.97226900052333
2.683,-152.704620,-4.97414431646268
2.684,-152.702270,-4.97601311936604
2.685,-152.699909,-4.97787543404490
2.686,-152.697537,-4.97973127319644
2.687,-152.695154,-4.98157625932375
2.688,-152.692761,-4.98341912715253
2.689,-152.690359,-4.98525556883451
2.69,-152.687945,-4.98708564870544
2.691,-152.685522,-4.98890934142540
2.692,-152.683088,-4.99072668464551
2.693,-152.680643,-4.99253769824958
2.694,-152.678189,-4.99434241662719
2.695,-152.675724,-4.99614086232494
2.696,-152.673249,-4.99793305774183
2.697,-152.670764,-4.99971904569714
2.698,-152.668269,-5.00149886886440
2.699,-152.665763,-5.00327257932175
2.7,-152.663248,-5.00504021619310
2.701,-152.660722,-5.00680178952538
2.702,-152.658188,-5.00855749728358
2.703,-152.655642,-5.01030718887117
2.704,-152.653088,-5.01205109565207
2.705,-152.650523,-5.01378912219576
2.706,-152.647949,-5.01552139085923
2.707,-152.645365,-5.01724791729692
2.708,-152.642776,-5.01896964111693
2.709,-152.640171,-5.02068455364614
2.71,-152.637558,-5.02239411083699
2.711,-152.634933,-5.02411728913011
2.712,-152.632298,-5.02581819830166
2.713,-152.629661,-5.02751475713675
2.714,-152.627018,-5.02920636859453
2.715,-152.624350,-5.03088919488633
2.716,-152.621682,-5.03256839522233
2.717,-152.619005,-5.03424208420735
2.718,-152.616319,-5.03591022245856
2.719,-152.613624,-5.03757279207140
2.72,-152.610920,-5.03922981815637
2.721,-152.608208,-5.04088147981842
2.722,-152.605487,-5.04252782211029
2.723,-152.602758,-5.04416865022123
2.724,-152.600023,-5.04580477351509
2.725,-152.597279,-5.04743507625457
2.726,-152.594542,-5.04906471131806
2.727,-152.591787,-5.05068597698036
2.728,-152.589027,-5.05230285245241
2.729,-152.586298,-5.05392565267188
2.73,-152.583572,-5.05554596548824
2.731,-152.580984,-5.05720367002028
2.732,-152.580011,-5.05932228857597
2.733,-152.574642,-5.06017290468085
2.734,-152.571826,-5.06175617625003
2.735,-152.568993,-5.06333139873387
2.736,-152.566137,-5.06489624980014
2.737,-152.563282,-5.06645885159102
2.738,-152.560419,-5.06801603788484
2.739,-152.557554,-5.06957059204501
2.74,-152.554681,-5.07111807454981
2.741,-152.551833,-5.07265538914872
2.742,-152.548935,-5.07419118962111
2.743,-152.546029,-5.07572178928781
2.744,-152.543115,-5.07724722817184
2.745,-152.540192,-5.07876765021482
2.746,-152.537223,-5.08021679929696
2.747,-152.534257,-5.08171482245036
2.748,-152.531284,-5.08320794635120
2.749,-152.528301,-5.08469600669126
2.75,-152.525311,-5.08617951290970
2.751,-152.522322,-5.08766239999706
2.752,-152.519305,-5.08913220921567
2.753,-152.516290,-5.09060166190754
2.754,-152.513268,-5.09206659949898
2.755,-152.510237,-5.09352705382561
2.756,-152.507198,-5.09498302894406
2.757,-152.504150,-5.09643446451471
2.758,-152.501065,-5.09793164497256
2.759,-152.498006,-5.09937357152211
2.76,-152.494945,-5.10081270602528
2.761,-152.491885,-5.10224854350239
2.762,-152.488802,-5.10367532551372
2.763,-152.485711,-5.10509662205537
2.764,-152.482612,-5.10651201423488
2.765,-152.479506,-5.10792112875979
2.766,-152.476393,-5.10932351802620
2.767,-152.473272,-5.11071856639569
2.768,-152.470144,-5.11210605856694
2.769,-152.467008,-5.11348544566773
2.77,-152.463850,-5.11485257967171
2.771,-152.460709,-5.11622105710563
2.772,-152.457546,-5.11757548743168
2.773,-152.454372,-5.11892195205988
2.774,-152.451186,-5.12026091427877
2.775,-152.447985,-5.12159295018294
2.776,-152.444764,-5.12291868439923
2.777,-152.441516,-5.12423872687791
2.778,-152.438232,-5.12555437596105
2.779,-152.435260,-4.73711467556384
2.78,-152.432237,-4.34921435812459
2.781,-152.428978,-4.35069516237705
2.782,-152.425705,-4.35255252220744
2.783,-152.422440,-4.35440393364668
2.784,-152.419177,-4.35624937471915
2.785,-152.415914,-4.35808882344991
2.786,-152.412649,-4.35992225791972
2.787,-152.409380,-4.36174965642915
2.788,-152.406105,-4.36357099895307
2.789,-152.402816,-4.36538428102151
2.79,-152.399547,-4.36719714940693
2.791,-152.396241,-4.36899652202925
2.792,-152.392943,-4.37079353785708
2.793,-152.389639,-4.37258459992327
2.794,-152.386328,-4.37436951060672
2.795,-152.383011,-4.37614856544544
2.796,-152.379686,-4.37792135636122
2.797,-152.376355,-4.37968828058191
2.798,-152.373018,-4.38144919371476
2.799,-152.369674,-4.38320424391410
2.8,-152.366309,-4.38494957066933
2.801,-152.362967,-4.38669646310198
2.802,-152.359604,-4.38843367001072
2.803,-152.356234,-4.39016497541910
2.804,-152.352858,-4.39189024561398
2.805,-152.349476,-4.39360970685466
2.806,-152.346087,-4.39532317087337
2.807,-152.342693,-4.39701589356993
2.808,-152.339284,-4.39868718783429
2.809,-152.335868,-4.40035229226699
2.81,-152.332432,-4.40200752303136
2.811,-152.329019,-4.40366397414827
2.812,-152.325585,-4.40531063476765
2.813,-152.322145,-4.40695113134466
2.814,-152.318700,-4.40858548861232
2.815,-152.315248,-4.41021379276174
2.816,-152.311790,-4.41183602379638
2.817,-152.308327,-4.41345230668241
2.818,-152.304858,-4.41506249601554
2.819,-152.301382,-4.41666685025018
2.82,-152.297902,-4.41826478761151
2.821,-152.294415,-4.41985692895594
2.822,-152.290923,-4.42144305777947
2.823,-152.287425,-4.42302333690286
2.824,-152.283921,-4.42459769037867
2.825,-152.280412,-4.42616613690411
2.826,-152.276897,-4.42772869195133
2.827,-152.273376,-4.42928537084249
2.828,-152.269850,-4.43083618887013
2.829,-152.266206,-4.43256414880084
2.83,-152.262684,-4.43406095503991
2.831,-152.259127,-4.43554498485928
2.832,-152.255575,-4.43702834723928
2.833,-152.252026,-4.43850399005648
2.834,-152.248468,-4.43997526861127
2.835,-152.244904,-4.44144122928669
2.836,-152.241344,-4.44289978813459
2.837,-152.237760,-4.44435665199798
2.838,-152.234181,-4.44580617247404
2.839,-152.230596,-4.44725026534892
2.84,-152.227016,-4.44868746051698
2.841,-152.223411,-4.45012209579025
2.842,-152.219811,-4.45154982242603
2.843,-152.216205,-4.45297211126829
2.844,-152.212595,-4.45438893312587
2.845,-152.208979,-4.45580032416277
2.846,-152.205359,-4.45720626092922
2.847,-152.201733,-4.45860674807977
2.848,-152.198102,-4.46000181173240
2.849,-152.194542,-4.46152915122899
2.85,-152.190900,-4.46291040007035
2.851,-152.187253,-4.46428631010003
2.852,-152.183602,-4.46565668785253
2.853,-152.180002,-4.46702177096916
2.854,-152.176340,-4.46838120240340
2.855,-152.172674,-4.46973517265504
2.856,-152.169004,-4.47108399270227
2.857,-152.165329,-4.47242718529380
2.858,-152.161589,-4.47378192957953
2.859,-152.157908,-4.47502499756580
2.86,-152.154222,-4.47626288283184
2.861,-152.150530,-4.47749532229463
2.862,-152.146836,-4.47872336913869
2.863,-152.143136,-4.47994604600622
2.864,-152.139431,-4.48116366911019
2.865,-152.135722,-4.48237627780921
2.866,-152.132009,-4.48358384847260
2.867,-152.128291,-4.48478651861974
2.868,-152.124568,-4.48598416878583
2.869,-152.120842,-4.48717718025107
2.87,-152.117110,-4.48836460761344
2.871,-152.113374,-4.48954756110997
2.872,-152.109634,-4.49072544272032
2.873,-152.105891,-4.49189951249541
2.874,-152.102141,-4.49306714864590
2.875,-152.098388,-4.49423065555260
2.876,-152.094631,-4.49538946592491
2.877,-152.090870,-4.49654365226694
2.878,-152.087104,-4.49769265214862
2.879,-152.083334,-4.49883704139533
2.88,-152.079560,-4.49997683340790
2.881,-152.075782,-4.50111197608738
2.882,-152.071999,-4.50224226806648
2.883,-152.068212,-4.50336802368248
2.884,-152.064422,-4.50448924999596
2.885,-152.060627,-4.50560560582903
2.886,-152.056828,-4.50671745086504
2.887,-152.053025,-4.50782476264746
2.888,-152.049218,-4.50892762153089
2.889,-152.045407,-4.51002564262053
2.89,-152.041607,-4.51112287391657
2.891,-152.037773,-4.51220845729662
2.892,-152.033951,-4.51329342232676
2.893,-152.030123,-4.51437313781779
2.894,-152.026293,-4.51544887311957
2.895,-152.022458,-4.51652011893511
2.896,-152.018619,-4.51758683259882
2.897,-152.014776,-4.51864876596950
2.898,-152.010930,-4.51970716588965
2.899,-152.007079,-4.52076060398550
2.9,-152.003211,-4.52180640234063
2.901,-151.999367,-4.52285442516814
2.902,-151.995505,-4.52389470235701
2.903,-151.991639,-4.52493028521769
2.904,-151.987770,-4.52596152237744
2.905,-151.983896,-4.52698840285359
2.906,-151.980019,-4.52801080820464
2.907,-151.976138,-4.52902878337354
2.908,-151.972254,-4.53004223713747
2.909,-151.968365,-4.53105121269443
2.91,-151.964474,-4.53205601190155
2.911,-151.960577,-4.53305564454407
2.912,-151.956678,-4.53405171532298
2.913,-151.952775,-4.53504309624616
2.914,-151.948868,-4.53602974564025
2.915,-151.944958,-4.53701259575893
2.916,-151.941044,-4.53799024364843
2.917,-151.937126,-4.53896383991449
2.918,-151.933205,-4.53993351131409
2.919,-151.929279,-4.54089760498668
2.92,-151.925333,-4.54185780848401
2.921,-151.921415,-4.54281783896629
2.922,-151.917479,-4.54377008374942
2.923,-151.913540,-4.54471806587552
2.924,-151.909598,-4.54566179722687
2.925,-151.905652,-4.54660148082171
2.926,-151.901703,-4.54753703479226
2.927,-151.897750,-4.54846863600419
2.928,-151.893654,-4.54919781627156
2.929,-151.889699,-4.55012742314632
2.93,-151.885726,-4.55104919987546
2.931,-151.881778,-4.55197417235994
2.932,-151.877812,-4.55289128757104
2.933,-151.873843,-4.55380399427969
2.934,-151.869871,-4.55471326983315
2.935,-151.865896,-4.55561825962784
2.936,-151.861917,-4.55651881186028
2.937,-151.857935,-4.55741581950873
2.938,-151.853949,-4.55830862979855
2.939,-151.849961,-4.55919752650796
2.94,-151.845932,-4.56001204647692
2.941,-151.841809,-4.56085257403586
2.942,-151.837517,-4.56170973744788
2.943,-151.833365,-4.56253171220137
2.944,-151.829212,-4.56335099154207
2.945,-151.825052,-4.56416422796433
2.946,-151.820889,-4.56497396939842
2.947,-151.816725,-4.56578088866202
2.948,-151.812557,-4.56658379228748
2.949,-151.808385,-4.56738227417346
2.95,-151.804209,-4.56817711061192
2.951,-151.800031,-4.56896838664660
2.952,-151.795850,-4.56975546564551
2.953,-151.791665,-4.57053893759400
2.954,-151.787477,-4.57131864695983
2.955,-151.783285,-4.57209431993688
2.956,-151.779091,-4.57286660395186
2.957,-151.774893,-4.57363492748748
2.958,-151.770693,-4.57439954791350
2.959,-151.766489,-4.57516050006210
2.96,-151.762282,-4.57591769405604
2.961,-151.758071,-4.57667126319640
2.962,-151.753858,-4.57742122374531
2.963,-151.749641,-4.57816651422032
2.964,-151.745422,-4.57890979996724
2.965,-151.741199,-4.57964879200404
2.966,-151.736975,-4.58038505903855
2.967,-151.732745,-4.58111564510014
2.968,-151.728513,-4.58184379251683
2.969,-151.724278,-4.58256830171617
2.97,-151.720025,-4.58328463535362
2.971,-151.715800,-4.58400669654697
2.972,-151.711557,-4.58472112352366
2.973,-151.707310,-4.58543103442121
2.974,-151.703060,-4.58613826653420
2.975,-151.698808,-4.58684179267850
2.976,-151.694565,-4.58755286679237
2.977,-151.690295,-4.58823928942476
2.978,-151.686034,-4.58893253037022
2.979,-151.681771,-4.58962287772173
2.98,-151.677505,-4.59030961221801
2.981,-151.673237,-4.59099369673258
2.982,-151.668966,-4.59167412609360
2.983,-151.664692,-4.59235126108941
2.984,-151.660415,-4.59302509397556
2.985,-151.656136,-4.59369588225637
2.986,-151.651854,-4.59436371307565
2.987,-151.647570,-4.59502839846507
2.988,-151.643283,-4.59568936652945
2.989,-151.638994,-4.59634754557883
2.99,-151.634702,-4.59700263661764
2.991,-151.630407,-4.59765433690983
2.992,-151.626110,-4.59830295889969
2.993,-151.621812,-4.59894971012763
2.994,-151.617510,-4.59959191758359
2.995,-151.613206,-4.60023133857293
2.996,-151.608900,-4.60086820535324
2.997,-151.604593,-4.60150235294832
2.998,-151.600280,-4.60213112574764
2.999,-151.595968,-4.60275964812138
3,-151.591653,-4.60338425663699
